H,MAE,MAPE,sMAPE
ALL,56.01984652196441,1397339653.3431768,47.25837767604044
