H,MAE,MAPE,sMAPE
1,85.5310910276845,99215490.89408197,173.86014847932128
2,83.1770772108052,185747960.65321547,174.78190287823367
3,87.74437693731024,389078930.5301772,175.09049457960197
