H,MAE,MAPE,sMAPE
ALL,85.48442105844225,224040664.9282139,174.57385527752305
